{
	"results": [
		{
			"summaries": {
				"forward": {
					"metrics": {
						"_xliLoDVXEeqPG_FgW3bi6Q": [
							{
								"metricName": "kstest",
								"median": 0.9285714285714286,
								"min": 0.07806122448979592,
								"max": 1.0,
								"avg": 0.7835649489075872,
								"q3": 1.0,
								"q1": 0.5
							},
							{
								"metricName": "wasserstein",
								"median": 532.3302135678404,
								"min": 19.1534090909091,
								"max": 5914.535307017313,
								"avg": 1113.906667044461,
								"q3": 1323.630303030317,
								"q1": 232.09900990099
							}
						]
					}
				},
				"cross": {
					"metrics": {
						"_xliLoDVXEeqPG_FgW3bi6Q": [
							{
								"metricName": "kstest",
								"median": 0.9604166666666667,
								"min": 0.06938775510204082,
								"max": 1.0,
								"avg": 0.7603331361973045,
								"q3": 1.0,
								"q1": 0.4494889162561576
							},
							{
								"metricName": "wasserstein",
								"median": 495.9536494821791,
								"min": 21.018622448979627,
								"max": 5051.198611111078,
								"avg": 923.1618142988815,
								"q3": 1326.041477272737,
								"q1": 96.30312499999985
							}
						]
					}
				},
				"backward": {
					"metrics": {
						"_xliLoDVXEeqPG_FgW3bi6Q": [
							{
								"metricName": "kstest",
								"median": 0.9125,
								"min": 0.05229591836734694,
								"max": 1.0,
								"avg": 0.7066056931277955,
								"q3": 1.0,
								"q1": 0.36916666666666664
							},
							{
								"metricName": "wasserstein",
								"median": 232.09900990099,
								"min": 19.074744897959132,
								"max": 4811.159137426819,
								"avg": 647.0670965597342,
								"q3": 787.4676713197935,
								"q1": 62.296305418719
							}
						]
					}
				}
			}
		}
	]
}